cat,name,version,description,url
anti-forensic,ropeadope,1.1,A linux log cleaner.,http://www.highhacksociety.com/
anti-forensic,secure-delete,3.1,"Secure file, disk, swap, memory erasure utilities.",http://www.thc.org/
anti-forensic,steghide,0.5.1,Embeds a message in a file by replacing some of the least significant bits,http://steghide.sourceforge.net
automation,apt2,156.e612ac9,Automated penetration toolkit.,https://github.com/MooseDojo/apt2
automation,automato,25.5c32f2b,Should help with automating some of the user-focused enumeration tasks during an internal penetration test.,https://github.com/skahwah/automato
automation,autonessus,24.7933022,This script communicates with the Nessus API in an attempt to help with automating scans.,https://github.com/redteamsecurity/AutoNessus
automation,autopwn,177.2f3f605,Specify targets and run sets of tools against them.,https://github.com/nccgroup/autopwn
automation,autovpn,16.72dd7f6,Easily connect to a VPN in a country of your choice.,https://github.com/adtac/autovpn
automation,awsbucketdump,74.73365f9,A tool to quickly enumerate AWS S3 buckets to look for loot.,https://github.com/jordanpotti/AWSBucketDump
automation,blueranger,1.0,A simple Bash script which uses Link Quality to locate Bluetooth device radios.,http://www.hackfromacave.com/projects/blueranger.html
automation,brutespray,103.24c019f,Brute-Forcing from Nmap output - Automatically attempts default creds on found services.,https://github.com/x90skysn3k/brutespray
automation,brutex,43.6c199b1,Automatically brute force all services running on a target.,https://github.com/1N3/BruteX
automation,cewl,5.3,A custom word list generator,http://www.digininja.org/projects/cewl.php
automation,checksec,1.8.0,Tool designed to test which standard Linux OS and PaX security features are being used,https://github.com/slimm609/checksec.sh
automation,cisco-snmp-enumeration,10.ad06f57,"Automated Cisco SNMP Enumeration, Brute Force, Configuration Download and Password Cracking.",https://github.com/nccgroup/cisco-snmp-enumeration
automation,clusterd,143.d190b2c,"Automates the fingerprinting, reconnaissance, and exploitation phases of an application server attack.",https://github.com/hatRiot/clusterd
automation,crunch,3.6,A wordlist generator for all combinations/permutations of a given character set.,http://sourceforge.net/projects/crunch-wordlist/
automation,dracnmap,69.09d3945,Tool to exploit the network and gathering information with nmap help.,https://github.com/screetsec/Dracnmap
automation,dumb0,19.1493e74,A simple tool to dump users in popular forums and CMS.,https://github.com/0verl0ad/Dumb0
automation,easy-creds,3.9,A bash script that leverages ettercap and other tools to obtain credentials.,https://github.com/brav0hax/easy-creds
automation,easyda,7.0867f9b,Easy Windows Domain Access Script.,https://github.com/nccgroup/easyda
automation,empire,1271.56a1c49,A PowerShell and Python post-exploitation agent.,https://www.powershellempire.com/
automation,fstealer,0.1,Automates file system mirroring through remote file disclosur vulnerabilities on Linux machines.,http://packetstormsecurity.com/files/106450/FStealer-Filesystem-Mirroring-Tool.html
automation,glue,242.36b899e,A framework for running a series of tools.,https://github.com/OWASP/glue
automation,google-explorer,114.fada9bc,"Google mass exploit robot - Make a google search, and parse the results for a especific exploit you define.",https://github.com/anarcoder/google_explorer
automation,gooscan,1.0.9,"A tool that automates queries against Google search appliances, but with a twist.","http://johnny.ihackstuff.com/downloads/task,doc_details&Itemid=/gid,28/"
automation,hackersh,0.2.0,"A shell for with Pythonect-like syntax, including wrappers for commonly used security tools.",http://www.hackersh.org/
automation,hate-crack,36.d1b1417,A tool for automating cracking methodologies through Hashcat.,https://github.com/trustedsec/hate_crack
automation,intersect,2.5,Post-exploitation framework,https://github.com/ohdae/Intersect.5
automation,linset,9.8746b1f,Evil Twin Attack Bash script - An automated WPA/WPA2 hacker.,https://github.com/vk496/linset
automation,maskprocessor,0.73,A High-Performance word generator with a per-position configurable charset.,http://hashcat.net/wiki/doku.php?id=maskprocessor
automation,masscan-automation,24.2df3467,Masscan integrated with Shodan API.,https://github.com/trevordavenport/MasscanAutomation
automation,massexpconsole,171.32ff9ad,A collection of tools and exploits with a cli ui for mass exploitation.,https://github.com/jm33-m0/massExpConsole
automation,mitmap-old,0.1,Shell Script for launching a Fake AP with karma functionality and launches ettercap for packet capture and traffic manipulation.,http://www.darkoperator.com/tools-and-scripts/
automation,morpheus,45.24ad5a5,Automated Ettercap TCP/IP Hijacking Tool.,https://github.com/r00txp10it/morpheus
automation,msf-mpc,23.eb2279a,Msfvenom payload creator.,https://github.com/g0tmi1k/mpc
automation,mutator,51.164132d,"This project aims to be a wordlist mutator with hormones, which means that some mutations will be applied to the result of the ones that have been already done, resulting in something like: corporation -> C0rp0r4t10n_2012",https://bitbucket.org/alone/mutator/
automation,nfspy,1.0,A Python library for automating the falsification of NFS credentials when mounting an NFS share.,https://github.com/bonsaiviking/NfSpy
automation,nfsshell,19980519,Userland NFS command tool.,http://www.paramecium.org/~leendert/
automation,nosqlattack,91.4c55415,Python tool to automate exploit MongoDB server IP on Internet anddisclose the database data by MongoDB default configuration weaknesses and injection attacks.,https://github.com/youngyangyang04/NoSQLAttack
automation,panoptic,185.df35a6c,A tool that automates the process of search and retrieval of content for common log and config files through LFI vulnerability.,https://github.com/lightos/Panoptic
automation,pasv-agrsv,56.70822a2,Passive recon / OSINT automation script.,https://github.com/isaudits/pasv-agrsv
automation,penbox,81.3b77c69,A Penetration Testing Framework - The Tool With All The Tools.,https://github.com/x3omdax/PenBox
automation,pentmenu,189.9c1100d,A bash script for recon and DOS attacks.,https://github.com/GinjaChris/pentmenu
automation,portia,38.36b974a,Automate a number of techniques commonly performed on internal network penetration tests after a low privileged account has been compromised.,https://github.com/SpiderLabs/portia
automation,python3-shodan,1.7.7,Python library for Shodan (https://developer.shodan.io).,http://github.com/achillean/shodan-python
automation,regeorg,29.f4db171,"The successor to reDuh, pwn a bastion webserver and create SOCKS proxies through the DMZ. Pivot and pwn.",https://github.com/sensepost/reGeorg
automation,rsmangler,1.4,rsmangler takes a wordlist and mangle it,http://www.randomstorm.com/rsmangler-security-tool.php
automation,sakis3g,0.2.0e,An all-in-one script for connecting with 3G.,http://www.sakis3g.org/
automation,search1337,13.c69937e,1337Day Online Exploit Scanner.,https://github.com/b3mb4m/Search1337
automation,shodan,1.7.7,Python library for Shodan (https://developer.shodan.io).,http://github.com/achillean/shodan-python
automation,simple-ducky,1.1.1,A payload generator.,https://code.google.com/p/simple-ducky-payload-generator
automation,sipvicious,0.2.8,Tools for auditing SIP devices,http://blog.sipvicious.org
automation,sn00p,0.8,A modular tool written in bourne shell and designed to chain and automate security tools and tests.,http://www.nullsecurity.net/tools/automation.html
automation,sploitctl,70.907b405,"Fetch, install and search exploit archives from exploit sites like exploit-db and packetstorm.",https://github.com/BlackArch/sploitctl
automation,statsprocessor,0.11,A high-performance word-generator based on per-position Markov-attack.,http://hashcat.net/wiki/doku.php?id=statsprocessor
automation,tiger,3.2.3,"A security scanner, that checks computer for known problems. Can also use tripwire, aide and chkrootkit.",http://www.nongnu.org/tiger/
automation,tlssled,1.3,A Linux shell script whose purpose is to evaluate the security of a target SSL/TLS (HTTPS) web server implementation.,http://blog.taddong.com/2011/05/tlssled-v10.html
automation,unix-privesc-check,1.4,Tries to find misconfigurations that could allow local unprivilged users to escalate privileges to other users or to access local apps (e.g. databases).,http://pentestmonkey.net/tools/audit/unix-privesc-check
automation,username-anarchy,54.d5e653f,Tools for generating usernames when penetration testing.,http://www.morningstarsecurity.com/research/username-anarchy
automation,veil,152.1a7864c,A tool designed to generate metasploit payloads that bypass common anti-virus solutions.,https://github.com/Veil-Framework/Veil
automation,vlan-hopping,21.a37ba4e,Easy 802.1Q VLAN Hopping,https://github.com/nccgroup/vlan-hopping
automation,voiphopper,2.04,A security validation tool that tests to see if a PC can mimic the behavior of an IP Phone. It rapidly automates a VLAN Hop into the Voice VLAN.,http://voiphopper.sourceforge.net/
automation,wikigen,8.348aa99,A script to generate wordlists out of wikipedia pages.,https://github.com/zombiesam/wikigen
automation,wnmap,0.1,A shell script written with the purpose to automate and chain scans via nmap. You can run nmap with a custom mode written by user and create directories for every mode with the xml/nmap files inside.,http://nullsecurity.net/tools/automation.html
automobile,cantoolz,286.a678dac,Framework for black-box CAN network analysis https://asintsov.blogspot.de/.,https://github.com/eik00d/CANToolz
backdoor,aesshell,0.7,A backconnect shell for Windows and Unix written in python and uses AES in CBC mode in conjunction with HMAC-SHA256 for secure transport.,https://packetstormsecurity.com/files/132438/AESshell.7.html
backdoor,azazel,14.e6a12a2,A userland rootkit based off of the original LD_PRELOAD technique from Jynx rootkit.,https://github.com/chokepoint/azazel
backdoor,backcookie,51.6dabc38,Small backdoor using cookie.,https://github.com/mrjopino/backcookie
backdoor,backdoor-factory,198.87bd28d,Patch win32/64 binaries with shellcode.,https://github.com/secretsquirrel/the-backdoor-factory
backdoor,backdoorme,308.f9755ca,A powerful utility capable of backdooring Unix machines with a slew of backdoors.,https://github.com/Kkevsterrr/backdoorme
backdoor,backdoorppt,86.b044ccf,Transform your payload.exe into one fake word doc (.ppt).,https://github.com/r00txp10it/backdoorppt
backdoor,cymothoa,1,"A stealth backdooring tool, that inject backdoor's shellcode into an existing process.",http://cymothoa.sourceforge.net/
backdoor,debinject,40.88b7824,Inject malicious code into *.debs.,https://github.com/UndeadSec/Debinject
backdoor,dr0p1t-framework,42.a4c185e,"A framework that creates a dropper that bypass most AVs, some sandboxes and have some tricks.",https://github.com/D4Vinci/Dr0p1t-Framework
backdoor,dragon-backdoor,7.c7416b7,"A sniffing, non binding, reverse down/exec, portknocking service Based on cd00r.c.",https://github.com/Shellntel/backdoors
backdoor,enyelkm,1.2,Rootkit for Linux x86 kernels v2.6.,http://www.enye-sec.org/programas.html
backdoor,exe2image,1.1,A simple utility to convert EXE files to JPEG images and vice versa.,https://github.com/OsandaMalith/Exe2Image
backdoor,gobd,81.e64b5a5,A Golang covert backdoor.,https://github.com/razc411/GoBD
backdoor,harness,19.ed2a6aa,Interactive remote PowerShell Payload.,https://github.com/Rich5/Harness
backdoor,hotpatch,0.2,Hot patches executables on Linux using .so file injection.,http://www.selectiveintellect.com/hotpatch.html
backdoor,jynx2,2.0,An expansion of the original Jynx LD_PRELOAD rootkit,http://www.blackhatlibrary.net/Jynx2
backdoor,kimi,23.1d7a5e6,Script to generate malicious debian packages (debain trojans).,https://github.com/ChaitanyaHaritash/kimi
backdoor,ld-shatner,4.5c215c4,ld-linux code injector.,https://github.com/sduverger/ld-shatner
backdoor,meterssh,18.9a5ed19,"A way to take shellcode, inject it into memory then tunnel whatever port you want to over SSH to mask any type of communications as a normal SSH connection.",https://github.com/trustedsec/meterssh
backdoor,ms-sys,2.5.3,A tool to write Win9x-.. master boot records (mbr) under linux - RTM!,http://ms-sys.sourceforge.net/
backdoor,phishery,14.5743953,An SSL Enabled Basic Auth Credential Harvester with a Word Document Template URL Injector.,https://github.com/ryhanson/phishery
backdoor,pyrasite,2.0,Code injection and introspection of running Python processes.,http://pyrasite.com/
backdoor,revsh,215.174e309,"A reverse shell with terminal support, data tunneling, and advanced pivoting capabilities.",https://github.com/emptymonkey/revsh/
backdoor,rrs,1.70,A reverse (connecting) remote shell. Instead of listening for incoming connections it will connect out to a listener (rrs in listen mode). With tty support and more.,http://www.cycom.se/dl/rrs
backdoor,rubilyn,0.0.1,64bit Mac OS-X kernel rootkit that uses no hardcoded address to hook the BSD subsystem in all OS-X Lion & below. It uses a combination of syscall hooking and DKOM to hide activity on a host.,http://nullsecurity.net/tools/backdoor.html
backdoor,shellinabox,428.98e6eeb,Implements a web server that can export arbitrary command line tools to a web based terminal emulator.,https://github.com/shellinabox/shellinabox
backdoor,shootback,56.73cdc12,A reverse TCP tunnel let you access target behind NAT or firewall.,https://github.com/aploium/shootback
backdoor,syringe,1.9786f35,A General Purpose DLL & Code Injection Utility.,https://github.com/securestate/syringe
backdoor,trixd00r,0.0.1,An advanced and invisible userland backdoor based on TCP/IP for UNIX systems.,http://nullsecurity.net/tools/backdoor.html
backdoor,tsh,0.6,"An open-source UNIX backdoor that compiles on all variants, has full pty support, and uses strong crypto for communication.",http://packetstormsecurity.com/search/?q=tsh
backdoor,tsh-sctp,2.850a2da,An open-source UNIX backdoor.,https://github.com/infodox/tsh-sctp
backdoor,u3-pwn,2.0,A tool designed to automate injecting executables to Sandisk smart usb devices with default U3 software install.,http://www.nullsecurity.net/tools/backdoor.html
backdoor,unicorn-powershell,88.0cf03f3,A simple tool for using a PowerShell downgrade attack and inject shellcode straight into memory.,https://github.com/trustedsec/unicorn
backdoor,webacoo,0.2.3,Web Backdoor Cookie Script-Kit.,https://bechtsoudis.com/webacoo/
backdoor,webshells,21.9463b07,Web Backdoors.,https://github.com/BlackArch/webshells
backdoor,webspa,0.8,"A web knocking tool, sending a single HTTP/S to run O/S commands.",http://sourceforge.net/projects/webspa/
backdoor,weevely,752.da92908,Weaponized web shell.,http://epinna.github.io/Weevely/
binary,androguard,1429.abed877,"Reverse engineering, Malware and goodware analysis of Android applications and more.",https://github.com/androguard/androguard
binary,angr,7.8.2.21,The next-generation binary analysis platform from UC Santa Barbara's Seclab.,https://github.com/angr/angr
binary,barf,812.90594d3,A multiplatform open source Binary Analysis and Reverse engineering Framework.,https://github.com/programa-stic/barf-project
binary,binaryninja-python,13.83f59f7,Binary Ninja prototype written in Python.,https://github.com/Vector35/binaryninja-python
binary,bindead,4504.67019b97b,A static analysis tool for binaries,https://bitbucket.org/mihaila/bindead
binary,bindiff,4.2.0,"A comparison tool for binary files, that assists vulnerability researchers and engineers to quickly find differences and similarities in disassembled code.",http://www.zynamics.com/bindiff.html
binary,binflow,4.c4140d7,POSIX function tracing. Much better and faster than ftrace.,https://github.com/elfmaster/binflow
binary,binwally,4.0aabd8b,Binary and Directory tree comparison tool using the Fuzzy Hashing concept (ssdeep).,https://github.com/bmaia/binwally
binary,bvi,1.4.0,A display-oriented editor for binary files operate like ``vi`` editor.,http://bvi.sourceforge.net/
binary,bytecode-viewer,226.d6603da,A Java 8/Android APK Reverse Engineering Suite.,https://github.com/Konloch/bytecode-viewer
binary,cminer,25.d766f7e,A tool for enumerating the code caves in PE files.,https://github.com/EgeBalci/Cminer/
binary,detect-it-easy,50.6ae37ad,A program for determining types of files.,https://github.com/horsicq/Detect-It-Easy
binary,dissector,1,This code dissects the internal data structures in ELF files. It supports x86 and x86_64 archs and runs under Linux.,http://packetstormsecurity.com/files/125972/Coloured-ELF-File-Dissector.html
binary,dutas,10.37fa3ab,Analysis PE file or Shellcode.,https://github.com/dungtv543/Dutas
binary,ecfs,294.aad6193,Extended core file snapshot format.,https://github.com/elfmaster/ecfs
binary,elfkickers,3.1,Collection of ELF utilities (includes sstrip),http://www.muppetlabs.com/~breadbox/software/elfkickers.html
binary,elfparser,7.39d21ca,Cross Platform ELF analysis.,https://github.com/jacob-baines/elfparser
binary,eresi,1267.d0facbfd,The ERESI Reverse Engineering Software Interface.,https://github.com/thorkill/eresi
binary,exescan,1.ad993e3,A tool to detect anomalies in PE (Portable Executable) files.,https://github.com/cysinfo/Exescan
binary,expimp-lookup,4.79a96c7,Looks for all export and import names that contain a specified string in all Portable Executable in a directory tree.,https://github.com/tr3w/ExpImp-Lookup
binary,haystack,1823.c178b5a,A Python framework for finding C structures from process memory - heap analysis - Memory structures forensics.,https://github.com/trolldbois/python-haystack
binary,hercules-payload,220.958541e,A special payload generator that can bypass all antivirus software.,https://github.com/EgeBalci/HERCULES
binary,hex2bin,2.5,Converts Motorola and Intel hex files to binary.,http://hex2bin.sourceforge.net/
binary,imagejs,53.57d01b8,Small tool to package javascript into a valid image file.,https://github.com/jklmnn/imagejs
binary,loadlibrary,35.45296de,Porting Windows Dynamic Link Libraries to Linux.,https://github.com/taviso/loadlibrary
binary,metame,2.82cfd20,A simple metamorphic code engine for arbitrary executables.,https://github.com/a0rtega/metame
binary,objdump2shellcode,28.c2d6120,A tool I have found incredibly useful whenever creating custom shellcode.,https://github.com/wetw0rk/objdump2shellcode
binary,oledump,0.0.29,Analyze OLE files (Compound File Binary Format). These files contain streams of data. This tool allows you to analyze these streams.,http://blog.didierstevens.com/programs/oledump-py/
binary,oletools,0.51,Tools to analyze Microsoft OLE2 files.,http://www.decalage.info/python/oletools
binary,packer-io,1.2.1,tool for creating identical machine images for multiple platforms from a single source configuration,https://github.com/hashicorp/packer
binary,packerid,1.4,Script which uses a PEiD database to identify which packer (if any) is being used by a binary.,http://handlers.sans.org/jclausing/
binary,patchkit,36.5fe79b7,Powerful binary patching from Python.,https://github.com/lunixbochs/patchkit
binary,pixd,7.873db72,Colourful visualization tool for binary files.,https://github.com/FireyFly/pixd
binary,powerstager,12.b0201c8,A payload stager using PowerShell.,https://github.com/z0noxz/powerstager
binary,proctal,472.e00ec27,Provides a command line interface and a C library to manipulate the address space of a running program on Linux.,https://github.com/daniel-araujo/proctal
binary,saruman,1.1a8e77d,"ELF anti-forensics exec, for injecting full dynamic executables into process image (With thread injection).",https://github.com/elfmaster/saruman
binary,soot,2.5.0,A Java Bytecode Analysis and Transformation Framework.,http://www.sable.mcgill.ca/soot
binary,swftools,0.9.2,A collection of SWF manipulation and creation utilities,http://www.swftools.org/
binary,triton,1904.5d876f6f,A Dynamic Binary Analysis (DBA) framework.,https://github.com/JonathanSalwan/Triton
binary,upx,3.94,Ultimate executable compressor.,http://upx.sourceforge.net/
binary,valgrind,3.13.0,Tool to help find memory-management problems in programs,http://valgrind.org/
binary,veles,2017.5.0,New open source tool for binary data analysis.,https://codisec.com/veles/
binary,wcc,46.391ae30,The Witchcraft Compiler Collection.,https://github.com/endrazine/wcc
binary,wxhexeditor,637.5103931,"A free hex editor / disk editor for Linux, Windows and MacOSX.",http://wxhexeditor.sourceforge.net/
blackarch,truecrypt,7.1a,Free open-source cross-platform disk encryption software,http://www.truecrypt.org/
bluetooth,bluebugger,0.1,An implementation of the bluebug technique which was discovered by Martin Herfurt.,http://packetstormsecurity.com/files/54024/bluebugger.1.tar.gz.html
bluetooth,bluediving,0.9,A Bluetooth penetration testing suite.,http://bluediving.sourceforge.net/
bluetooth,bluelog,1.1.2,"A Bluetooth scanner and sniffer written to do a single task, log devices that are in discoverable mode.",http://www.digifail.com/software/bluelog.shtml
bluetooth,bluepot,0.1,"A Bluetooth Honeypot written in Java, it runs on Linux",https://code.google.com/p/bluepot/
bluetooth,blueprint,0.1_3,A perl tool to identify Bluetooth devices.,http://trifinite.org/trifinite_stuff_blueprinting.html
bluetooth,bluescan,1.0.6,A Bluetooth Device Scanner.,http://www.darknet.org.uk/2015/01/bluescan-bluetooth-device-scanner/
bluetooth,bluesnarfer,0.1,A bluetooth attacking tool,http://www.alighieri.org/project.html
bluetooth,bluphish,9.a7200bd,Bluetooth device and service discovery tool that can be used for security assessment and penetration testing.,https://github.com/olivo/BluPhish
bluetooth,braces,0.4,A Bluetooth Tracking Utility.,http://braces.shmoo.com/
bluetooth,bss,0.8,Bluetooth stack smasher / fuzzer,http://www.secuobs.com/news/15022006-bss_0_8.shtml
bluetooth,bt_audit,0.1.1,Bluetooth audit,http://www.betaversion.net/btdsd/download/
bluetooth,btcrack,1.1,The world's first Bluetooth Pass phrase (PIN) bruteforce tool. Bruteforces the Passkey and the Link key from captured Pairing exchanges.,http://www.nruns.com/_en/security_tools_btcrack.php
bluetooth,btproxy-mitm,71.cd1c906,Man in the Middle analysis tool for Bluetooth.,https://github.com/conorpp/btproxy
bluetooth,btscanner,2.1,Bluetooth device scanner.,http://www.pentest.co.uk
bluetooth,carwhisperer,0.2,Intends to sensibilise manufacturers of carkits and other Bluetooth appliances without display and keyboard for the possible security threat evolving from the use of standard passkeys.,http://trifinite.org/trifinite_stuff_carwhisperer.html
bluetooth,ghettotooth,1.0,Ghettodriving for bluetooth,http://www.oldskoolphreak.com/tfiles/ghettotooth.txt
bluetooth,hidattack,0.1,HID Attack (attacking HID host implementations),http://mulliner.org/bluetooth/hidattack.php
bluetooth,obexstress,0.1,Script for testing remote OBEX service for some potential vulnerabilities.,http://bluetooth-pentest.narod.ru/
bluetooth,redfang,2.5,Finds non-discoverable Bluetooth devices by brute-forcing the last six bytes of the devices' Bluetooth addresses and calling read_remote_name().,http://packetstormsecurity.com/files/31864/redfang.2.5.tar.gz.html
bluetooth,spooftooph,0.5.2,"Designed to automate spoofing or cloning Bluetooth device Name, Class, and Address. Cloning this information effectively allows Bluetooth device to hide in plain sight",http://www.hackfromacave.com/projects/spooftooph.html
bluetooth,tbear,1.5,"Transient Bluetooth Environment Auditor includes an ncurses-based Bluetooth scanner (a bit similar to kismet), a Bluetooth DoS tool, and a Bluetooth hidden device locator.",http://freshmeat.net/projects/t-bear
bluetooth,ubertooth,2017.03.R2,A 2.4 GHz wireless development board suitable for Bluetooth experimentation. Open source hardware and software. Tools only.,https://github.com/greatscottgadgets/ubertooth/releases
code-audit,bof-detector,19.e08367d,A simple detector of BOF vulnerabilities by source-code-level check.,https://github.com/st9140927/BOF_Detector
code-audit,cflow,1.5,A C program flow analyzer.,http://www.gnu.org/software/cflow/
code-audit,cppcheck,1.82,A tool for static C/C++ code analysis,http://cppcheck.sourceforge.net/
code-audit,cpptest,1.1.2,"A portable and powerful, yet simple, unit testing framework for handling automated tests in C++.",http://cpptest.sourceforge.net/
code-audit,dscanner,0.4.2,Swiss-army knife for D source code,https://github.com/dlang-community/D-Scanner
code-audit,flawfinder,2.0.5,Searches through source code for potential security flaws.,http://www.dwheeler.com/flawfinder
code-audit,mosca,109.e9bc968,Static analysis tool to find bugs like a grep unix command.,https://github.com/CoolerVoid/Mosca
code-audit,pfff,0.29,"Tools and APIs for code analysis, visualization and transformation",https://github.com/facebook/pfff
code-audit,pscan,1.3,A limited problem scanner for C source files,http://deployingradius.com/pscan/
code-audit,shellcheck,0.4.7,Shell script analysis tool,http://www.shellcheck.net
code-audit,splint,3.1.2.git20180129,A tool for statically checking C programs for security vulnerabilities and coding mistakes,http://repo.or.cz/splint-patched.git
code-audit,yasca,2.1,Multi-Language Static Analysis Toolset.,http://www.scovetta.com/yasca.html
cracker,acccheck,0.2.1,A password dictionary attack tool that targets windows authentication via the SMB protocol.,http://labs.portcullis.co.uk/tools/acccheck/
cracker,against,0.2,A very fast ssh attacking script which includes a multithreaded port scanning module (tcp connect) for discovering possible targets and a multithreaded brute-forcing module which attacks parallel all discovered hosts or given ip addresses from a list.,http://nullsecurity.net/tools/cracker.html
cracker,asleap,2.2,Actively recover LEAP/PPTP passwords.,http://www.willhackforsushi.com/Asleap.html
cracker,beleth,36.0963699,A Multi-threaded Dictionary based SSH cracker.,https://github.com/chokepoint/Beleth
cracker,bgp-md5crack,0.1,RFC2385 password cracker,http://www.c0decafe.de/
cracker,bios_memimage,1.2,A tool to dump RAM contents to disk (aka cold boot attack).,http://citp.princeton.edu/memory/code/
cracker,bkhive,1.1.1,Program for dumping the syskey bootkey from a Windows NT/2K/XP system hive.,http://sourceforge.net/projects/ophcrack
cracker,blackhash,0.2,Creates a filter from system hashes,http://16s.us/blackhash/
cracker,bob-the-butcher,0.7.1,A distributed password cracker package.,http://btb.banquise.net/
cracker,brut3k1t,80.1973a5a,Brute-force attack that supports multiple protocols and services.,https://github.com/ex0dusx/brut3k1t
cracker,bruteforce-wallet,31.38bbd46,"Try to find the password of an encrypted Peercoin (or Bitcoin,Litecoin, etc...) wallet file.",https://github.com/glv2/bruteforce-wallet
cracker,brutessh,0.6,"A simple sshd password bruteforcer using a wordlist, it's very fast for internal networks. It's multithreads.",http://www.edge-security.com/edge-soft.php
cracker,chapcrack,17.ae2827f,A tool for parsing and decrypting MS-CHAPv2 network handshakes.,https://github.com/moxie0/chapcrack
cracker,checkpwd,1.23,Oracle Password Checker (Cracker).,http://www.red-database-security.com/software/checkpwd.html
cracker,cintruder,6.a628c62,An automatic pentesting tool to bypass captchas.,https://github.com/epsylon/cintruder
cracker,cisco-auditing-tool,1,"Perl script which scans cisco routers for common vulnerabilities. Checks for default passwords, easily guessable community names, and the IOS history bug. Includes support for plugins and scanning multiple hosts.",http://www.scrypt.net
cracker,cisco-ocs,0.2,Cisco Router Default Password Scanner.,http://www.question-defense.com/2013/01/11/ocs-version-2-release-ocs-cisco-router-default-password-scanner
cracker,cisco-scanner,0.2,"Multithreaded Cisco HTTP vulnerability scanner. Tested on Linux, OpenBSD and Solaris.",http://wayreth.eu.org/old_page/
cracker,cisco5crack,2.c4b228c,Crypt and decrypt the cisco enable 5 passwords.,https://github.com/madrisan/cisco7crack
cracker,cisco7crack,2.f1c21dd,Crypt and decrypt the cisco enable 7 passwords.,https://github.com/madrisan/cisco7crack
cracker,cmospwd,5.0,Decrypts password stored in CMOS used to access BIOS setup.,http://www.cgsecurity.org/wiki/CmosPwd
cracker,crackhor,2.ae7d83f,A Password cracking utility.,https://github.com/CoalfireLabs/crackHOR
cracker,crackle,100.ff47a48,Crack and decrypt BLE encryption,https://github.com/mikeryan/crackle/
cracker,crackq,48.89b7318,Hashcrack.org GPU-accelerated password cracker.,https://github.com/vnik5287/Crackq
cracker,crackserver,33.e5763ab,An XMLRPC server for password cracking.,https://github.com/averagesecurityguy/crack
cracker,creddump,0.3,A python tool to extract various credentials and secrets from Windows registry hives.,https://code.google.com/p/creddump/
cracker,crowbar,79.a338de6,A brute forcing tool that can be used during penetration tests. It is developed to support protocols that are not currently supported by thc-hydra and other popular brute forcing tools.,https://github.com/galkan/crowbar
cracker,cryptohazemultiforcer,1.31a,High performance multihash brute forcer with CUDA support.,http://www.cryptohaze.com/multiforcer.php
cracker,cudahashcat,2.01,Worlds fastest WPA cracker with dictionary mutation engine.,http://hashcat.net/oclhashcat/
cracker,cupp,20.07f9b83,Common User Password Profiler,http://www.remote-exploit.org/?page_id=418
cracker,dbpwaudit,0.8,A Java tool that allows you to perform online audits of password quality for several database engines.,http://www.cqure.net/wp/dbpwaudit/
cracker,depant,0.3a,Check network for services with default passwords.,http://midnightresearch.com/projects/depant/
cracker,device-pharmer,37.e0e6281,Opens 1K+ IPs or Shodan search results and attempts to login.,https://github.com/DanMcInerney/device-pharmer
cracker,dislocker,0.6.1,A tool to exploit the hash length extension attack in various hashing algorithms. With FUSE capabilities built in.,http://www.hsc.fr/ressources/outils/dislocker/
cracker,doozer,9.5cfc8f8,A Password cracking utility.,https://github.com/CoalfireLabs/crackHOR
cracker,dpeparser,beta002,Default password enumeration project,http://www.toolswatch.org/dpe/
cracker,eapmd5pass,1.4,An implementation of an offline dictionary attack against the EAP-MD5 protocol,http://www.willhackforsushi.com/?page_id=67
cracker,enabler,1,Attempts to find the enable password on a cisco system via brute force.,http://packetstormsecurity.org/cisco/enabler.c
cracker,evilize,0.2,Tool to create MD5 colliding binaries.,http://www.mathstat.dal.ca/~selinger/md5collision/
cracker,evilmaid,1.01,TrueCrypt loader backdoor to sniff volume password,http://theinvisiblethings.blogspot.com
cracker,f-scrack,19.9a00357,A single file bruteforcer supports multi-protocol.,https://github.com/ysrc/F-Scrack
cracker,facebrute,7.ece355b,This script tries to guess passwords for a given facebook account using a list of passwords (dictionary).,https://github.com/emerinohdz/FaceBrute
cracker,fang,22.4f94552,A multi service threaded MD5 cracker.,https://github.com/evilsocket/fang
cracker,fcrackzip,1.0,Zip file password cracker,http://oldhome.schmorp.de/marc/fcrackzip.html
cracker,fern-wifi-cracker,222,"WEP, WPA wifi cracker for wireless penetration testing",http://code.google.com/p/fern-wifi-cracker/
cracker,ftp-scanner,0.2.5,"Multithreaded ftp scanner/brute forcer. Tested on Linux, OpenBSD and Solaris.",http://wayreth.eu.org/old_page/
cracker,hashcat,4.1.0,Multithreaded advanced password recovery utility,https://hashcat.net/hashcat
cracker,hasher,48.40173c5,"A tool that allows you to quickly hash plaintext strings, or compare hashed values with a plaintext locally.",https://github.com/ChrisTruncer/Hasher
cracker,hashtag,0.41,A python script written to parse and identify password hashes.,https://github.com/SmeegeSec/HashTag
cracker,hostbox-ssh,0.1.1,A ssh password/account scanner.,http://stridsmanit.wordpress.com/2012/12/02/brute-forcing-passwords-with-hostbox-ssh-1-1/
cracker,htpwdscan,16.99697fc,A python HTTP weak pass scanner.,https://github.com/lijiejie/htpwdScan
cracker,hydra,8.6,Very fast network logon cracker which support many different services,https://www.thc.org/thc-hydra/
cracker,ibrute,12.3a6a11e,"An AppleID password bruteforce tool. It uses Find My Iphone service API, where bruteforce protection was not implemented.",https://github.com/hackappcom/ibrute/
cracker,iheartxor,0.01,A tool for bruteforcing encoded strings within a boundary defined by a regular expression. It will bruteforce the key value range of 0x1 through 0x255.,http://hooked-on-mnemonics.blogspot.com.es/p/iheartxor.html
cracker,iisbruteforcer,15,HTTP authentication cracker. It's a tool that launchs an online dictionary attack to test for weak or simple passwords against protected areas on an IIS Web server.,http://www.open-labs.org/
cracker,ikecrack,1.00,An IKE/IPSec crack tool designed to perform Pre-Shared-Key analysis of RFC compliant aggressive mode authentication,http://sourceforge.net/projects/ikecrack/
cracker,inguma,0.1.1,"A free penetration testing and vulnerability discovery toolkit entirely written in python. Framework includes modules to discover hosts, gather information about, fuzz targets, brute force usernames and passwords, exploits, and a disassembler.",http://inguma.sourceforge.net
cracker,ipmipwn,6.74a08a8,IPMI cipher 0 attack tool.,https://github.com/AnarchyAngel/IPMIPWN
cracker,jbrute,0.99,Open Source Security tool to audit hashed passwords.,http://sourceforge.net/projects/jbrute/
cracker,jeangrey,18.b569394,A tool to perform differential fault analysis attacks (DFA).,https://github.com/SideChannelMarvels/JeanGrey
cracker,john,1.8.0.jumbo1,John the Ripper password cracker,http://www.openwall.com/john
cracker,johnny,20120424,GUI for John the Ripper.,http://openwall.info/wiki/john/johnny
cracker,jwt-cracker,17.906d670,JWT brute force cracker written in C.,https://github.com/brendan-rius/c-jwt-cracker
cracker,keimpx,166.a10a0c7,Tool to verify the usefulness of credentials across a network over SMB.,http://code.google.com/p/keimpx/
cracker,khc,0.2,A small tool designed to recover hashed known_hosts fiels back to their plain-text equivalents.,http://packetstormsecurity.com/files/87003/Known-Host-Cracker.2.html
cracker,ldap-brute,21.acc06e3,A semi fast tool to bruteforce values of LDAP injections over HTTP.,https://github.com/droope/ldap-brute
cracker,levye,84.5406303,"A brute force tool which is support sshkey, vnckey, rdp, openvpn.",https://github.com/galkan/levye
cracker,lodowep,1.2.1,Lodowep is a tool for analyzing password strength of accounts on a Lotus Domino webserver system.,http://www.cqure.net/wp/lodowep/
cracker,mdcrack,1.2,MD4/MD5/NTLM1 hash cracker,http://c3rb3r.openwall.net/mdcrack/
cracker,medusa,2.2,"Speedy, massively parallel and modular login brute-forcer for network",http://www.foofus.net/jmk/medusa/medusa.html
cracker,mfoc,0.10.7,Mifare Classic Offline Cracker,http://code.google.com/p/mfoc/
cracker,mkbrutus,1.0.2,Password bruteforcer for MikroTik devices or boxes running RouterOS.,http://mkbrutusproject.github.io/MKBRUTUS/
cracker,morxbook,1.0,A password cracking tool written in perl to perform a dictionary-based attack on a specific Facebook user through HTTPS.,http://www.morxploit.com/
cracker,morxbrute,1.01,A customizable HTTP dictionary-based password cracking tool written in Perl,http://www.morxploit.com/morxbrute/
cracker,morxbtcrack,1.0,Single Bitcoin private key cracking tool released.,http://www.morxploit.com/tools/
cracker,morxcoinpwn,1.0,Mass Bitcoin private keys brute forcing/Take over tool released.,http://www.morxploit.com/tools/
cracker,morxcrack,1.2,A cracking tool written in Perl to perform a dictionary-based attack on various hashing algorithm and CMS salted-passwords.,http://www.morxploit.com/morxcrack/
cracker,mybff,94.6547c51,A Brute Force Framework.,https://github.com/MooseDojo/myBFF
cracker,ncrack,0.5,A high-speed network authentication cracking tool,https://nmap.org/ncrack/
cracker,obevilion,408.021c9f2,"Another archive cracker created in python , cracking [zip/7z/rar].",https://github.com/BL4CKvGHOST/Ob3vil1on
cracker,oclhashcat,2.01,Worlds fastest WPA cracker with dictionary mutation engine.,http://hashcat.net/oclhashcat/
cracker,omen,15.78ce868,Ordered Markov ENumerator - Password Guesser.,https://github.com/RUB-SysSec/OMEN
cracker,onesixtyone,0.7,An SNMP scanner that sends multiple SNMP requests to multiple IP addresses,http://labs.portcullis.co.uk/application/onesixtyone/
cracker,ophcrack,3.7.0,Windows password cracker based on rainbow tables,http://ophcrack.sourceforge.net
cracker,outlook-webapp-brute,1.61d7177,Microsoft Outlook WebAPP Brute.,https://github.com/lijiejie/OutLook_WebAPP_Brute
cracker,owabf,1.3,Outlook Web Access bruteforcer tool.,http://netsec.rs/70/tools.html
cracker,pack,0.0.4,Password Analysis and Cracking Kit,http://thesprawl.org/projects/pack/
cracker,passcracking,20131214,A little python script for sending hashes to passcracking.com and milw0rm,http://github.com/jensp/passcracking
cracker,passe-partout,0.1,Tool to extract RSA and DSA private keys from any process linked with OpenSSL. The target memory is scanned to lookup specific OpenSSL patterns.,http://www.hsc.fr/ressources/outils/passe-partout/index.html.en
cracker,patator,150.7fd56f0,A multi-purpose bruteforcer.,https://github.com/lanjelot/patator
cracker,pdfcrack,0.16,Password recovery tool for PDF-files,http://pdfcrack.sourceforge.net/
cracker,pdgmail,1.0,A password dictionary attack tool that targets windows authentication via the SMB protocol.,http://www.jeffbryner.com/code/pdgmail
cracker,pemcrack,11.a0fecd7,Cracks SSL PEM files that hold encrypted private keys. Brute forces or dictionary cracks.,https://github.com/robertdavidgraham/pemcrack
cracker,pemcracker,9.a741c93,Tool to crack encrypted PEM files.,https://github.com/bwall/pemcracker.git
cracker,phoss,0.1.13,"Sniffer designed to find HTTP, FTP, LDAP, Telnet, IMAP4, VNC and POP3 logins.",http://www.phenoelit.org/fr/tools.html
cracker,php-mt-seed,3.2,PHP mt_rand() seed cracker,http://www.openwall.com/php_mt_seed/
cracker,php-rfi-payload-decoder,30.bd42caa,Decode and analyze RFI payloads developed in PHP.,https://github.com/bwall/PHP-RFI-Payload-Decoder
cracker,phrasendrescher,1.2.2,A modular and multi processing pass phrase cracking tool,http://www.leidecker.info/projects/phrasendrescher/
cracker,pipal,1.1,A password analyser.,http://www.digininja.org/projects/pipal.php
cracker,pipeline,18.d90fc65,Designed to aid in targeted brute force password cracking attacks.,https://github.com/hirnschallsebastian/Pipeline2
cracker,pkcrack,1.2.2,A PkZip encryption cracker.,https://www.unix-ag.uni-kl.de/~conrad/krypto/pkcrack/download1.html
cracker,pybozocrack,75.9900883,A silly & effective MD5 cracker in Python.,https://github.com/ikkebr/PyBozoCrack
cracker,pyrit,0.5.0,The famous WPA precomputed cracker,https://github.com/JPaulMora/Pyrit
cracker,rainbowcrack,1.6,Password cracker based on the faster time-memory trade-off. With MySQL and Cisco PIX Algorithm patches.,http://project-rainbowcrack.com/
cracker,rarcrack,0.2,"This program uses bruteforce algorithm to find correct password (rar, 7z, zip).",http://rarcrack.sourceforge.net/
cracker,rcracki-mt,0.7.0,"A tool to perform rainbow table attacks on password hashes. It is intended for indexed/perfected rainbow tables, mainly generated by the distributed project www.freerainbowtables.com",http://rcracki.sourceforge.net/
cracker,rdesktop-brute,1.5.0,It connects to windows terminal servers - Bruteforce patch included.,http://www.rdesktop.org/
cracker,ridenum,68.490855c,A null session RID cycle attack for brute forcing domain controllers.,https://github.com/trustedsec/ridenum
cracker,rlogin-scanner,0.2,"Multithreaded rlogin scanner. Tested on Linux, OpenBSD and Solaris.",http://wayreth.eu.org/old_page/
cracker,rootbrute,0.1,Local root account bruteforcer.,http://www.packetstormsecurity.org/
cracker,rpdscan,2.a71b0f3,Remmina Password Decoder and scanner.,https://github.com/freakyclown/RPDscan
cracker,rsakeyfind,1.0,A tool to find RSA key in RAM.,http://citp.princeton.edu/memory/code/
cracker,samdump2,3.0.0,Dump password hashes from a Windows NT/2k/XP installation,http://sourceforge.net/projects/ophcrack/files/samdump2/
cracker,samydeluxe,2.2ed1bac,Automatic samdump creation script.,http://github.com/jensp/samydeluxe
cracker,sidguesser,1.0.5,Guesses sids/instances against an Oracle database according to a predefined dictionary file.,http://www.cqure.net/wp/tools/database/sidguesser/
cracker,sipcrack,0.2,A SIP protocol login cracker.,http://www.remote-exploit.org/codes_sipcrack.html
cracker,skul,14.e2c33ef,A PoC to bruteforce the Cryptsetup implementation of Linux Unified Key Setup (LUKS).,https://github.com/cryptcoffee/skul
cracker,smbbf,0.9.1,SMB password bruteforcer.,http://packetstormsecurity.com/files/25381/smbbf.9.1.tar.gz.html
cracker,snmp-brute,15.64ec0ce,"SNMP brute force, enumeration, CISCO config downloader and password cracking script.",https://github.com/SECFORCE/SNMP-Brute
cracker,speedpwn,8.3dd2793,"An active WPA/2 Bruteforcer, original created to prove weak standard key generation in different ISP labeled routers without a client is connected.",https://gitorious.org/speedpwn/
cracker,sqlpat,1.0.1,This tool should be used to audit the strength of Microsoft SQL Server passwords offline.,http://www.cqure.net/wp/sqlpat/
cracker,ssh-privkey-crack,0.4,A SSH private key cracker.,https://code.google.com/p/lusas/
cracker,sshatter,1.2,Password bruteforcer for SSH.,http://www.nth-dimension.org.uk/downloads.php?id=34
cracker,sshscan,1.0,A horizontal SSH scanner that scans large swaths of IPv4 space for a single SSH user and pass.,https://github.com/getdual/scripts-n-tools/blob/master/sshscan.py
cracker,sshtrix,0.0.2,A very fast multithreaded SSH login cracker.,http://nullsecurity.net/tools/cracker.html
cracker,sslnuke,5.c5faeaa,Transparent proxy that decrypts SSL traffic and prints out IRC messages.,https://github.com/jtripper/sslnuke
cracker,sucrack,1.2.3,A multi-threaded Linux/UNIX tool for brute-force cracking local user accounts via su,http://labs.portcullis.co.uk/application/sucrack
cracker,tckfc,21.a32167e,TrueCrypt key file cracker.,https://github.com/Octosec/tckfc
cracker,tftp-bruteforce,0.1,TFTP-bruteforcer is a fast TFTP filename bruteforcer written in perl.,http://www.hackingexposedcisco.com/
cracker,thc-keyfinder,1.0,"Finds crypto keys, encrypted data and compressed data in files by analyzing the entropy of parts of the file.",https://www.thc.org/releases.php
cracker,thc-pptp-bruter,0.1.4,A brute force program that works against pptp vpn endpoints (tcp port 1723).,http://www.thc.org
cracker,thc-smartbrute,1.0,This tool finds undocumented and secret commands implemented in a smartcard.,https://www.thc.org/thc-smartbrute/
cracker,truecrack,35,Password cracking for truecrypt(c) volumes.,http://code.google.com/p/truecrack/
cracker,ufo-wardriving,4,Allows you to test the security of wireless networks by detecting their passwords based on the router model.,http://www.ufo-wardriving.com/
cracker,vnc-bypauth,0.0.1,Multi-threaded bypass authentication scanner for VNC smaller than v4.1.1 servers.,http://pentester.fr/resources/tools/techno/VNC/VNC_bypauth/
cracker,vncrack,1.21,What it looks like: crack VNC.,http://phenoelit-us.org/vncrack
cracker,wmat,0.1,Automatic tool for testing webmail accounts.,http://netsec.rs/70/tools.html
cracker,wordbrutepress,30.5165648,Python script that performs brute forcing against WordPress installs using a wordlist.,http://www.homelab.it/index.php/2014/11/03/wordpress-brute-force-multithreading/
cracker,wpbf,7.11b6ac1,Multithreaded WordPress brute forcer.,https://github.com/dejanlevaja/wpbf
cracker,wpbrute-rpc,3.e7d8145,Tool for amplified bruteforce attacks on wordpress based website via xmlrcp API.,https://github.com/zendoctor/wpbrute-rpc
cracker,wyd,0.2,Gets keywords from personal files. IT security/forensic tool.,http://www.remote-exploit.org/?page_id=418
cracker,zulu,0.1,A light weight 802.11 wireless frame generation tool to enable fast and easy debugging and probing of 802.11 networks.,http://sourceforge.net/projects/zulu-wireless/
crypto,aespipe,2.4d,Reads data from stdin and outputs encrypted or decrypted results to stdout.,http://loop-aes.sourceforge.net/aespipe/
crypto,argon2,20171227,A password-hashing function (reference C implementation),https://github.com/P-H-C/phc-winner-argon2
crypto,auto-xor-decryptor,7.2eb176d,Automatic XOR decryptor tool.,http://www.blog.mrg-effitas.com/publishing-of-mrg-effitas-automatic-xor-decryptor-tool/
crypto,bletchley,0.0.1,A collection of practical application cryptanalysis tools.,https://code.google.com/p/bletchley/
crypto,ciphertest,22.e33eb4a,A better SSL cipher checker using gnutls.,https://github.com/OpenSecurityResearch/ciphertest
crypto,ciphr,105.db79691,"A CLI tool for encoding, decoding, encryption, decryption, and hashing streams of data.",https://github.com/frohoff/ciphr
crypto,codetective,42.ac11609,A tool to determine the crypto/encoding algorithm used according to traces of its representation.,https://www.digitalloft.org/init/plugin_wiki/page/codetective
crypto,cribdrag,4.476feaa,An interactive crib dragging tool for cryptanalysis on ciphertext generated with reused or predictable stream cipher keys.,https://github.com/SpiderLabs/cribdrag
crypto,crypthook,17.0728cd1,TCP/UDP symmetric encryption tunnel wrapper.,https://github.com/chokepoint/CryptHook
crypto,cryptonark,0.5.6,SSL security checker.,http://blog.techstacks.com/cryptonark.html
crypto,dagon,240.5dfbe32,Advanced Hash Manipulation.,https://github.com/Ekultek/Dagon
crypto,daredevil,37.897f602,A tool to perform (higher-order) correlation power analysis attacks (CPA).,https://github.com/SideChannelMarvels/Daredevil
crypto,deen,241.3762fda,Generic data encoding/decoding application built with PyQt5.,https://github.com/takeshixx/deen
crypto,featherduster,169.81ec1c2,"An automated, modular cryptanalysis tool.",https://github.com/nccgroup/featherduster
crypto,findmyhash,1.1.2,Crack different types of hashes using free online services,http://code.google.com/p/findmyhash/
crypto,foresight,57.6f48984,A tool for predicting the output of random number generators.,https://github.com/ALSchwalm/foresight
crypto,gnutls2,2.12.23,A library which provides a secure layer over a reliable transport layer (Version 2),http://gnutls.org/
crypto,hash-buster,24.12bceef,A python script which scraps online hash crackers to find cleartext of a hash.,https://github.com/UltimateHackers/Hash-Buster/
crypto,hash-extender,136.d27581e,A hash length extension attack tool.,https://github.com/iagox86/hash_extender
crypto,hashdb,1082.a41f702,A block hash toolkit.,https://github.com/NPS-DEEP/hashdb/
crypto,hashfind,8.e9a9a14,A tool to search files for matching password hash types and other interesting data.,https://github.com/rurapenthe/hashfind
crypto,hashid,397.7e8473a,Software to identify the different types of hashes used to encrypt data.,https://github.com/psypanda/hashID
crypto,hashpump,49.314268e,A tool to exploit the hash length extension attack in various hashing algorithms.,https://github.com/bwall/HashPump
crypto,hdcp-genkey,18.e8d342d,Generate HDCP source and sink keys from the leaked master key.,https://github.com/rjw57/hdcp-genkey
crypto,hlextend,3.95c872e,Pure Python hash length extension module.,https://github.com/stephenbradshaw/hlextend
crypto,kraken,32.368a837,A project to encrypt A5/1 GSM signaling using a Time/Memory Tradeoff Attack.,http://opensource.srlabs.de/projects/a51-decrypt
crypto,luksipc,0.01,A tool to convert unencrypted block devices to encrypted LUKS devices in-place.,http://www.johannes-bauer.com/linux/luksipc
crypto,morxkeyfmt,1.0,Read a private key from stdin and output formatted data values.,http://www.morxploit.com/tools/
crypto,nomorexor,0.1,Tool to help guess a files 256 byte XOR key by using frequency analysis,https://github.com/hiddenillusion/NoMoreXOR
crypto,omnihash,70.870e9ae,"Hash files, strings, input streams and network resources in various common algorithms simultaneously.",https://github.com/Miserlou/omnihash
crypto,openstego,0.7.1,"A tool implemented in Java for generic steganography, with support for password-based encryption of the data.",http://www.openstego.info/
crypto,outguess,0.2,A universal steganographic tool.,http://www.outguess.org/
crypto,pacumen,1.92a0884,Packet Acumen - Analyse encrypted network traffic and more (side-channel attacks).,https://github.com/bniemczyk/pacumen
crypto,pip3line,92.5e27195,The Swiss army knife of byte manipulation.,https://github.com/nccgroup/pip3line
crypto,poracle,65.a5cfad7,A tool for demonstrating padding oracle attacks.,https://github.com/iagox86/poracle
crypto,posttester,0.1,A jar file that will send POST requests to servers in order to test for the hash collision vulnerability discussed at the Chaos Communication Congress in Berlin.,http://packetstormsecurity.com/files/109010/MagicHash-Collision-Testing-Tool.html
crypto,pwd-hash,2.0,A password hashing tool that use the crypt function to generate the hash of a string given on standard input.,http://vladz.devzero.fr/pwd-hash.php
crypto,pwdlyser,130.2f4489e,Python-based CLI Password Analyser (Reporting Tool.,https://github.com/ins1gn1a/pwdlyser
crypto,rsactftool,71.ca54ad7,RSA tool for ctf - retreive private key from weak public key and/or uncipher data.,https://github.com/Ganapati/RsaCtfTool
crypto,rsatool,14.7dab6bc,Tool that can be used to calculate RSA and RSA-CRT parameters.,https://github.com/ius/rsatool
crypto,sbd,1.36,"Netcat-clone, portable, offers strong encryption - features AES-CBC + HMAC-SHA1 encryption, program execution (-e), choosing source port, continuous reconnection with delay + more",http://www2.packetstormsecurity.org/cgi-bin/search/search.cgi?searchvalue=sbd
crypto,sha1collisiondetection,97.c3e1304,Library and command line tool to detect SHA collision in a file,https://github.com/cr-marcstevens/sha1collisiondetection
crypto,snow,20130616,Steganography program for concealing messages in text files.,http://darkside.com.au/snow/index.html
crypto,sslyze,1.1.5,Python tool for analyzing the configuration of SSL servers and for identifying misconfigurations.,https://github.com/nabla-c0d3/sslyze/
crypto,testssl,2.9.5,Testing TLS/SSL encryption.,https://github.com/drwetter/testssl.sh
crypto,tls-attacker,1.2,A Java-based framework for analyzing TLS libraries.,https://github.com/RUB-NDS/TLS-Attacker
crypto,tlsenum,78.787c88b,A command line tool to enumerate TLS cipher-suites supported by a server.,https://github.com/Ayrx/tlsenum
crypto,tlspretense,0.6.2,SSL/TLS client testing framework,https://github.com/iSECPartners/tlspretense
crypto,untwister,119.a42b8f8,Seed recovery tool for PRNGs.,https://github.com/altf4/untwister
crypto,veracrypt,1.21,Disk encryption with strong security based on TrueCrypt,https://www.veracrypt.fr/
crypto,xorbruteforcer,0.1,"Script that implements a XOR bruteforcing of a given file, although a specific key can be used too.",http://eternal-todo.com/category/bruteforce
crypto,xorsearch,1.11.1,"Program to search for a given string in an XOR, ROL or ROT encoded binary file.",http://blog.didierstevens.com/programs/xorsearch/
crypto,xortool,0.96,A tool to analyze multi-byte xor cipher.,https://github.com/hellman/xortool/
database,blindsql,1.0,Set of bash scripts for blind SQL injection attacks.,http://www.enye-sec.org/programas.html
database,flamerobin,2370.c75f8618,A tool to handle Firebird database management.,http://www.flamerobin.org/
database,getsids,0.0.1,Getsids tries to enumerate Oracle Sids by sending the services command to the Oracle TNS listener. Like doing lsnrctl service.,http://www.cqure.net/wp/getsids/
database,metacoretex,0.8.0,MetaCoretex is an entirely JAVA vulnerability scanning framework for databases.,http://metacoretex.sourceforge.net/
database,mysql2sqlite,14.e5b2c31,Converts a mysqldump file into a Sqlite 3 compatible file.,https://gist.github.com/esperlu/943776
database,pgdbf,113.4e84775,Convert XBase / FoxPro databases to PostgreSQL,https://github.com/kstrauser/pgdbf
debugger,edb,0.9.20,A QT4-based binary mode debugger with the goal of having usability on par with OllyDbg.,http://www.codef00.com/projects.php#Debugger
debugger,gdb,8.1,The GNU Debugger,http://www.gnu.org/software/gdb/
debugger,gdbgui,320.9ffaf77,Browser-based gdb frontend using Flask and JavaScript to visually debug C, C++, Go, or Rust.,https://github.com/cs01/gdbgui
debugger,gef,1264.699e0e5,Multi-Architecture GDB Enhanced Features for Exploiters & Reverse-Engineers.,https://github.com/hugsy/gef
debugger,lldb,5.0.1,"Next generation, high-performance debugger",http://lldb.llvm.org/
debugger,ollydbg,201g,A 32-bit assembler-level analysing debugger,http://www.ollydbg.de
debugger,peda,1.1,Python Exploit Development Assistance for GDB,https://github.com/longld/peda
debugger,pwndbg,2017.09.26,Makes debugging with GDB suck less,https://github.com/pwndbg/pwndbg
debugger,rr,4.3.0,A Record and Replay Framework.,https://github.com/mozilla/rr
debugger,shellnoob,2.1,A toolkit that eases the writing and debugging of shellcode,https://github.com/reyammer/shellnoob
debugger,vivisect,775.7be4037,"A Python based static analysis and reverse engineering framework, Vdb is a Python based research/reversing focused debugger and programatic debugging API by invisigoth of kenshoto",http://visi.kenshoto.com/
debugger,voltron,596.4ee3cbe,"UI for GDB, LLDB and Vivisect's VDB.",https://github.com/snare/voltron
decompiler,cfr,125,Another Java decompiler.,http://www.benf.org/other/cfr/
decompiler,fernflower,379.af2d8b4,An analytical decompiler for Java.,https://github.com/fesh0r/fernflower
decompiler,ffdec,10.0.0,Open source Flash SWF decompiler and editor.,https://www.free-decompiler.com/flash/
decompiler,jadx,0.6.1,Command line and GUI tools to produce Java source code from Android Dex and APK files,https://github.com/skylot/jadx
decompiler,jd-gui,1.4.0,A standalone graphical utility that displays Java source codes of .class files.,http://java.decompiler.free.fr/?q=jdgui
decompiler,jpexs-decompiler,10.0.0,JPEXS Free Flash Decompiler.,https://github.com/jindrapetrik/jpexs-decompiler
decompiler,luyten,0.5.3,An Open Source Java Decompiler Gui for Procyon.,https://github.com/deathmarine/Luyten
decompiler,procyon,0.5.30,A suite of Java metaprogramming tools focused on code generation and analysis.,https://bitbucket.org/mstrobel/procyon/
decompiler,radare2-cutter,1.2,Qt and C++ GUI for radare2 reverse engineering framework.,https://github.com/radareorg/cutter
decompiler,recstudio,4.0_20130717,Cross platform interactive decompiler,http://www.backerstreet.com/rec/rec.htm
defensive,arpon,2.7,"A portable handler daemon that make ARP protocol secure in order to avoid the Man In The Middle (MITM) attack through ARP Spoofing, ARP Cache Poisoning or ARP Poison Routing (APR) attacks.",http://arpon.sourceforge.net/
defensive,arpstraw,27.ab40e13,Arp spoof detection tool.,https://github.com/he2ss/arpstraw
defensive,artillery,211.ff2157b,"A combination of a honeypot, file-system monitoring, system hardening, and overall health of a server to create a comprehensive way to secure a system.",https://www.trustedsec.com/downloads/artillery/
defensive,artlas,140.728aea5,Apache Real Time Logs Analyzer System.,https://github.com/mthbernardes/ARTLAS
defensive,chkrootkit,0.52,Checks for rootkits on a system,http://www.chkrootkit.org/
defensive,detect-sniffer,148.c87f9c6,Tool that detects sniffers in the network.,https://github.com/galkan/tools/tree/master/detect_sniffer
defensive,fssb,73.51d2ac2,A low-level filesystem sandbox for Linux using syscall intercepts.,https://github.com/adtac/fssb
defensive,ifchk,1.0.9,A network interface promiscuous mode detection tool.,http://www.noorg.org/ifchk/
defensive,inetsim,1.2.7,"A software suite for simulating common internet services in a lab environment, e.g. for analyzing the network behaviour of unknown malware samples.",http://www.inetsim.org
defensive,jhead,3.00,EXIF JPEG info parser and thumbnail remover,http://www.sentex.net/~mwandel/jhead/
defensive,lorg,96.3960fa7,Apache Logfile Security Analyzer.,https://github.com/jensvoid/lorg
defensive,malmon,0.3,"Hosting exploit/backdoor detection daemon. It's written in python, and uses inotify (pyinotify) to monitor file system activity. It checks files smaller then some size, compares their md5sum and hex signatures against DBs with known exploits/backdoor.",http://sourceforge.net/projects/malmon/
defensive,maltrail,1442.8be811c,Malicious traffic detection system.,https://github.com/stamparm/maltrail
defensive,mat,0.6.1,"Metadata Anonymisation Toolkit composed of a GUI application, a CLI application and a library.",https://mat.boum.org/
defensive,nipe,164.3c4ad7d,A script to make Tor Network your default gateway.,https://github.com/GouveaHeitor/nipe
defensive,portspoof,122.ebac0d0,This program's primary goal is to enhance OS security through a set of new techniques.,http://portspoof.org/
defensive,prowler,356.6ccd102,"Tool for AWS security assessment, auditing and hardening.",https://github.com/alfresco/prowler
defensive,quicksand-lite,28.857210e,Command line tool for scanning streams within office documents plus xor db attack.,https://github.com/tylabs/quicksand_lite
defensive,sniffjoke,0.4.1,"Injects packets in the transmission flow that are able to seriously disturb passive analysis like sniffing, interception and low level information theft.",http://www.delirandom.net/sniffjoke/
defensive,snort,2.9.11.1,A lightweight network intrusion detection system.,http://www.snort.org
defensive,suricata,4.0.4,An Open Source Next Generation Intrusion Detection and Prevention Engine.,http://openinfosecfoundation.org/index.php/download-suricata
defensive,tabi,13.068a406,BGP Hijack Detection.,https://github.com/ANSSI-FR/tabi
defensive,tor-autocircuit,0.2,"Tor Autocircuit was developed to give users a finer control over Tor circuit creation. The tool exposes the functionality of TorCtl library which allows its users to control circuit length, speed, geolocation, and other parameters.",http://www.thesprawl.org/projects/tor-autocircuit/
defensive,tor-browser-en,7.5,Tor Browser Bundle: Anonymous browsing using firefox and tor,https://www.torproject.org/projects/torbrowser.html.en